Team,Player,Artist,Song,Playlist,,
Diamondbacks,Nick Ahmed,TobyMac,I just need U.,https://goo.gl/8GgyRi,,
Diamondbacks,Alex Avila,The White Stripes,Icky Thump,https://goo.gl/8GgyRi,,
Diamondbacks,Brad Boxberger,Johnny Cash,God's Gonna Cut You Down,https://goo.gl/8GgyRi,,
Diamondbacks,Archie Bradley,Jay-Z,Public Service Announcement,https://goo.gl/8GgyRi,,
Diamondbacks,Clay Buchholtz,Red Rider,Lunatic Fringe,https://goo.gl/8GgyRi,,
Diamondbacks,Andrew Chafin,Luke Bryan,That's My Kind of Night,https://goo.gl/8GgyRi,,
Diamondbacks,Patrick Corbin,Matoma & Notorious BIG,Old Thing Back,https://goo.gl/8GgyRi,,
Diamondbacks,Socrates Brito,Yandel,Como Antes (Feat.Wisin),https://goo.gl/8GgyRi,,
Diamondbacks,Daniel Descalso,E-40,Tell Me Where To Go,https://goo.gl/8GgyRi,,
Diamondbacks,Jake Diekman,Greta Van Fleet,Highway Tune,https://goo.gl/8GgyRi,,
Diamondbacks,Jarrod Dyson,Migos,Pipe It Up,https://goo.gl/8GgyRi,,
Diamondbacks,Zack Godley,Bruno Mars,That's What I Like,https://goo.gl/8GgyRi,,
Diamondbacks,Paul Goldschmidt,Randy Houser,We Went,https://goo.gl/8GgyRi,,
Diamondbacks,Zack Greinke,Green Day,Holiday/Boulevard of Broken Dreams,https://goo.gl/8GgyRi,,
Diamondbacks,Yoshihisa Hirano,Kreva,中盤戦FEAT. MUMMY-D,https://goo.gl/8GgyRi,,
Diamondbacks,Jon Jay,DJ Uncle Al,Mix It Up,https://goo.gl/8GgyRi,,
Diamondbacks,Patrick Kivlehan,Nirvana,Smells Like Teen Spirit,https://goo.gl/8GgyRi,,
Diamondbacks,Jake Lamb,Kendrick Lamar,Big Shot (With Travis Scott),https://goo.gl/8GgyRi,,
Diamondbacks,Yoan Lopez,Lirico En La Casa,Tun Tun Abreme La Puerta,https://goo.gl/8GgyRi,,
Diamondbacks,Deven Marrero,Jaden Smith ft. Nicky Jam,Icon Remix,https://goo.gl/8GgyRi,,
Diamondbacks,Ketel Marte,Liro Shaq,Guayabu,https://goo.gl/8GgyRi,,
Diamondbacks,Jeff Mathis,Chris Stapleton,Midnight Train to Memphis,https://goo.gl/8GgyRi,,
Diamondbacks,T.J. McFarland,Red Hot Chili Peppers,Can't Stop,https://goo.gl/8GgyRi,,
Diamondbacks,Johm Ryan Murphy,Blackstreet,No Diggity,https://goo.gl/8GgyRi,,
Diamondbacks,Chris Owings,Thomas Rhett,Leave Right Now,https://goo.gl/8GgyRi,,
Diamondbacks,David Peralta,Bad Bunny,Chambea,https://goo.gl/8GgyRi,,
Diamondbacks,A.J. Pollock,Gary Clark Jr.,Come Together,https://goo.gl/8GgyRi,,
Diamondbacks,Robbie Ray,Frank Sinatra,Fly Me to the Moon - Remastered,https://goo.gl/8GgyRi,,
Diamondbacks,Jimie Sherfy,Mac Miller,Hurt Feelings,https://goo.gl/8GgyRi,,
Diamondbacks,Braden Shipley,Future,Ain't No Time,https://goo.gl/8GgyRi,,
Diamondbacks,Stephen Souza Jr.,KB,Not Today Satan,https://goo.gl/8GgyRi,,
Diamondbacks,Chris Stewart,Skillet,Forsaken,https://goo.gl/8GgyRi,,
Diamondbacks,Ildemaro Vargas,Ozuna,Me Dijeron,https://goo.gl/8GgyRi,,
Diamondbacks,Brad Ziegler,Skillet,I Want To Live,https://goo.gl/8GgyRi,,
Braves,Ozzie Albies,Ozuna,Bebé,https://goo.gl/K3osGM,,
Braves,Johan Camargo,Maluma,Felices Los 4,https://goo.gl/K3osGM,,
Braves,Shane Carle,Jimi Hendrix,Voodoo Child (Slight Return),https://goo.gl/K3osGM,,
Braves,Charlie Culberson,Drake,God's Plan,https://goo.gl/K3osGM,,
Braves,Grant Dayton,,,https://goo.gl/K3osGM,,
Braves,Adam Duvall,Eric Church,Lotta Boot Left to Fill,https://goo.gl/K3osGM,,
Braves,Ryan Fhlarerty,Kid Ink,Money and the Power,https://goo.gl/K3osGM,,
Braves,Tyler Flowers,Kungs,This Girl (Kungs vs. Cookin' on Three Burners),https://goo.gl/K3osGM,,
Braves,Mike Foltynewicz,Rebelution,Sky is the Limit,https://goo.gl/K3osGM,,
Braves,Freddie Freeman,Citizen Cope,Let the Drummer Kick,https://goo.gl/K3osGM,,
Braves,Sam Freeman,,,https://goo.gl/K3osGM,,
Braves,Luiz Gohara,Future,I'm So Groovy,https://goo.gl/K3osGM,,
Braves,Ender Inciarte,Daddy Yankee,Dura,https://goo.gl/K3osGM,,
Braves,Jacob Lindgren,Gucci Mane,Back On Road,https://goo.gl/K3osGM,,
Braves,Nick Markakis,Bubba Sparxxx,Deliverance,https://goo.gl/K3osGM,,
Braves,Brandon McCarthy,The Black Keys,Lonely Boy,https://goo.gl/K3osGM,,
Braves,A.J. Minter,AC/DC,Thunderstruck,https://goo.gl/K3osGM,,
Braves,Peter Moylan,AC/DC,T.N.T.,https://goo.gl/K3osGM,,
Braves,Sean Newcomb,,,https://goo.gl/K3osGM,,
Braves,Jose Ramirez,Kongos,Come With Me Now,https://goo.gl/K3osGM,,
Braves,Anibal Sanchez,,,https://goo.gl/K3osGM,,
Braves,Kurt Suzuki,Gregory Isaacs,Night Nurse,https://goo.gl/K3osGM,,
Braves,Dansby Swanson,Jeezy,The Recession (Intro),https://goo.gl/K3osGM,,
Braves,Julio Teheran,Joe Arroyo,El Centuríon De La Noche,https://goo.gl/K3osGM,,
Braves,Arodys Vizcaino,Secreto,Yo Llegare,https://goo.gl/K3osGM,,
Braves,Daniel Winkler,Zach Williams,Song of Deliverance,https://goo.gl/K3osGM,,
Braves,Chase Whitley,Crowder,Lift Your Head Weary Sinner (Chains),https://goo.gl/K3osGM,,
Cubs,Albert Almora Jr.,Chacal,Mas Yuma Que Los Yuma,https://goo.gl/8UREkb,,
Cubs,Javier Baez,Bad Bunny,Chambea,https://goo.gl/8UREkb,,
Cubs,Kris Bryant,Kris Kross,Warm It Up,https://goo.gl/8UREkb,,
Cubs,Victor Caratini,J Balvin,Bonita,https://goo.gl/8UREkb,,
Cubs,Tyler Chatwood,Calvin Harris,Rollin,https://goo.gl/8UREkb,,
Cubs,Jesse Chavez,Clipse,Grindin',https://goo.gl/8UREkb,,
Cubs,Steve Cishek,Zach Williams,Song of Deliverance,https://goo.gl/8UREkb,,
Cubs,Willson Contreras,Daddy Yankee,Dura,https://goo.gl/8UREkb,,
Cubs,Yu Darvish,Soulja Boy,Crank That (Soulja Boy),https://goo.gl/8UREkb,,
Cubs,Brian Duensing,Blink-182,Mutt,https://goo.gl/8UREkb,,
Cubs,Carl Edwards Jr.,Offset,Ric Flair Drip (& Metro Boomin),https://goo.gl/8UREkb,,
Cubs,Cole Hamels,Imagine Dragons,Believer,https://goo.gl/8UREkb,,
Cubs,Ian Happ,Mase,Welcome Back,https://goo.gl/8UREkb,,
Cubs,Jason Heyward,Kungs,This Girl (Kungs vs. Cookin' on Three Burners),https://goo.gl/8UREkb,,
Cubs,Tommy La Stella,Matchbox Twenty,3AM,https://goo.gl/8UREkb,,
Cubs,Jon Lester,Jason Aldean,I Use What I Got,https://goo.gl/8UREkb,,
Cubs,Mike Montgomery,Lupe Fiasco,The Show Goes On,https://goo.gl/8UREkb,,
Cubs,Jose Quintana,Daddy Yankee,Somos De La Calle,https://goo.gl/8UREkb,,
Cubs,Anthony Rizzo,Martin Solveig,Intoxicated - Radio Edit,https://goo.gl/8UREkb,,
Cubs,Addison Russell,N.E.R.D,Lemon,https://goo.gl/8UREkb,,
Cubs,Kyle Schwarber,Bone Thugs-N-Harmony,Thuggish Ruggish Bone,https://goo.gl/8UREkb,,
Cubs,Shae Simmons,Led Zeppelin,Rock and Roll,https://goo.gl/8UREkb,,
Cubs,Pedro Strop,El Alfa,Raputin,https://goo.gl/8UREkb,,
Cubs,Justin Wilson,Lil Wayne,Sucker for Pain (With Wiz Khalifa),https://goo.gl/8UREkb,,
Cubs,Ben Zobrist,Julianna Zobrist,Bennie and the Jets,https://goo.gl/8UREkb,,
Reds,Homer Bailey,Sturgill Simpson,It Ain't All Flowers,https://goo.gl/U8tBN1,,
Reds,Tucker Barnhart,Led Zeppelin,Black Dog,https://goo.gl/U8tBN1,,
Reds,Alex Blandino,Kid Ink,Now It's Personal,https://goo.gl/U8tBN1,,
Reds,Austin Brice,Gojira,Silvera,https://goo.gl/U8tBN1,,
Reds,Luis Castillo,Ala Jaza,Mi Forma De Ser,https://goo.gl/U8tBN1,,
Reds,Rookie Davis,Drake feat. Future,Scholarship,https://goo.gl/U8tBN1,,
Reds,Anthony Descalfani,,,https://goo.gl/U8tBN1,,
Reds,Phillip Ervin,Kevin Gates,Wish I Had It,https://goo.gl/U8tBN1,,
Reds,Brandon Finnegan,,,https://goo.gl/U8tBN1,,
Reds,Amir Garrett,Drake,God's Plan,https://goo.gl/U8tBN1,,
Reds,Scooter Gennett,Marshmello,Silence,https://goo.gl/U8tBN1,,
Reds,Billy Hamilton,Migos,Walk It Like I Talk It,https://goo.gl/U8tBN1,,
Reds,David Hernandez,,,https://goo.gl/U8tBN1,,
Reds,Jared Hughes,,,https://goo.gl/U8tBN1,,
Reds,Rasiel Iglesias,Yomil El Dany,Yo Le Se,https://goo.gl/U8tBN1,,
Reds,Jose Lopez,Kid Ink,Now It's Personal,https://goo.gl/U8tBN1,,
Reds,Michael Lorenzen,,Amazing Grace,https://goo.gl/U8tBN1,,
Reds,Tyler Mahle,Imagine Dragons,Thunder ,https://goo.gl/U8tBN1,,
Reds,Wandy Peralta,Daddy Yankee,Dura,https://goo.gl/U8tBN1,,
Reds,Jose Peraza,Ozuna,Síguelo Bailando,https://goo.gl/U8tBN1,,
Reds,Cody Reed,,,https://goo.gl/U8tBN1,,
Reds,Sal Rmano,Gucci Mane,I Get The Bag (Feat. Migos),https://goo.gl/U8tBN1,,
Reds,Scott Schebler,The Doobie Brothers,Listen To The Music,https://goo.gl/U8tBN1,,
Reds,Kevin Shackelford,,,https://goo.gl/U8tBN1,,
Reds,Jackson Stephens,Florida Georgia Line,Anything Goes,https://goo.gl/U8tBN1,,
Reds,Robert Stephenson,Drake,Portland,https://goo.gl/U8tBN1,,
Reds,Eugenio Suarez,Natti Natasha,Criminal,https://goo.gl/U8tBN1,,
Reds,Preston Tucker,Thomas Rhett,Leave Right Now,https://goo.gl/U8tBN1,,
Reds,Joey Votto,The Isley Brothers,Work To Do,https://goo.gl/U8tBN1,,
Reds,Zack Weiss,Audioslave,Cochise,https://goo.gl/U8tBN1,,
Reds,Jesse Winker,The Weeknd,Often,https://goo.gl/U8tBN1,,
Rockies,Yency Almonte,Kanye West,Hey Mama,https://goo.gl/msKVBD,,
Rockies,Tyler Anderson,Chevelle,Take Out the Gunman,https://goo.gl/msKVBD,,
Rockies,Nolan Arenado,2 Chainz,4 AM,https://goo.gl/msKVBD,,
Rockies,Chad Bettis,Kwabs,Walk It Like I Talk It,https://goo.gl/msKVBD,,
Rockies,Charlie Blackmon,The Outfield,Your Love,https://goo.gl/msKVBD,,
Rockies,Drew Butera,Travis Scott,Sicko Mode,https://goo.gl/msKVBD,,
Rockies,Daniel Castro,Los Mariachis Mexicanos,El Mariachi Loco,https://goo.gl/msKVBD,,
Rockies,Noel Cuevas,"Pacho, Daddy Yankee & Bad Bunny",Como Soy,https://goo.gl/msKVBD,,
Rockies,David Dahl,Travis Scott,Who? What!,https://goo.gl/msKVBD,,
Rockies,Wade Davis,Dr. Dre,Acrite,https://goo.gl/msKVBD,,
Rockies,Ian Desmond,Aretha Franklin,Rock Steady,https://goo.gl/msKVBD,,
Rockies,Mike Dunn,The Silent Comedy,Bartholomew,https://goo.gl/msKVBD,,
Rockies,Kyle Freeland,Louis The Child,Shake Something (Feat. Joey Purp),https://goo.gl/msKVBD,,
Rockies,Carlos Gonzalez,Yandel,No Pare,https://goo.gl/msKVBD,,
Rockies,Jon Grey,Monuments,Origin of Escape,https://goo.gl/msKVBD,,
Rockies,Garret Hampson,Rihanna,Desperado,https://goo.gl/msKVBD,,
Rockies,Jeff Hoffman,Switchfoot,Meant to Live,https://goo.gl/msKVBD,,
Rockies,Chris Iannetta,Drake,Nonstop,https://goo.gl/msKVBD,,
Rockies,DJ LeMahieu,Wide Awake,Ready,https://goo.gl/msKVBD,,
Rockies,German Marquez,MC Fioti,Bum Bum Tam Tam - Jax Jones Remix,https://goo.gl/msKVBD,,
Rockies,Jake McGee,Imagine Dragons,Thunder,https://goo.gl/msKVBD,,
Rockies,Ryan McMahon,ScHoolboy Q,Man of the Year,https://goo.gl/msKVBD,,
Rockies,Harrison Musgrave,Zakk Wylde,Farewell Ballad,https://goo.gl/msKVBD,,
Rockies,Scott Oberg,Led Zeppelin,Kashmir,https://goo.gl/msKVBD,,
Rockies,Senghwan Oh,The White Stripes,Seven Nation Army,https://goo.gl/msKVBD,,
Rockies,Adam Ottavino,Kid Cudi,Alive (Nightmare),https://goo.gl/msKVBD,,
Rockies,Gerardo Parra,Fumaratto,Sax To Me,https://goo.gl/msKVBD,,
Rockies,Antonio Senzatela,Jorge Celedón,Esta Vida,https://goo.gl/msKVBD,,
Rockies,Bryan Shaw,Fort Minor,Remember The Name (feat. Styles of Beyond),https://goo.gl/msKVBD,,
Rockies,Trevor,Future,Look Ahead,https://goo.gl/msKVBD,,
Rockies,Raimel Tapia,Lapiz Conciente,El Regreso,https://goo.gl/msKVBD,,
Rockies,Mike Tauchman,Chance the Rapper,No Problem (feat. Lil Wayne & 2 Chainz),https://goo.gl/msKVBD,,
Rockies,Pat Valaika,Imagine Dragons,Radioactive,https://goo.gl/msKVBD,,
Rockies,Tony Wolters,Florida Georgia Line,Cruise - Remix,https://goo.gl/msKVBD,,
Dodgers,Scott Alexander,,,https://goo.gl/9zieev,,
Dodgers,John Axford,Slipknot,The Heretic Anthem,https://goo.gl/9zieev,,
Dodgers,Pedro Baez,,,https://goo.gl/9zieev,,
Dodgers,Austin Barnes,Post Malone,Big Lie,https://goo.gl/9zieev,,
Dodgers,Cody Bellinger,Kendrick Lamar,Humble.,https://goo.gl/9zieev,,
Dodgers,JT Chargois,,,https://goo.gl/9zieev,,
Dodgers,Tony Cingrani,,,https://goo.gl/9zieev,,
Dodgers,Brian Dozier,Kip Moore,That's Alright With Me,https://goo.gl/9zieev,,
Dodgers,Kyle Farmer,Tim McGraw,Down On The Farm,https://goo.gl/9zieev,,
Dodgers,Josh Fields,,,https://goo.gl/9zieev,,
Dodgers,David Freese,Gary Clark Jr.,Catfish Blues - Live,https://goo.gl/9zieev,,
Dodgers,Yimi Garcia,,,https://goo.gl/9zieev,,
Dodgers,Yasmani Grandal,G-Easy,Legend,https://goo.gl/9zieev,,
Dodgers,Enrique Hernandez,Nicky Jam,X,https://goo.gl/9zieev,,
Dodgers,Rich Hill,Pearl Jam,Even Flow,https://goo.gl/9zieev,,
Dodgers,Daniel Hudson,Breaking Benjamin,So Cold,https://goo.gl/9zieev,,
Dodgers,Kenley Jansen,2Pac,California Love - Original Version,https://goo.gl/9zieev,,
Dodgers,Matt Kemp,Kendrick Lamar,Big Shot (With Travis Scott),https://goo.gl/9zieev,,
Dodgers,Clayton Kershaw,The Chainsmokers,Let You Go - Radio Edit,https://goo.gl/9zieev,,
Dodgers,Tom Koehler,,,https://goo.gl/9zieev,,
Dodgers,Manny Machado,Trick Daddy,Shut Up (Feat. Duece Poppito),https://goo.gl/9zieev,,
Dodgers,Ryan Madson,Khemmis,Above the Water,https://goo.gl/9zieev,,
Dodgers,Kenta Maeda,Perfume,無限未来,https://goo.gl/9zieev,,
Dodgers,Joc Pederson,Imagine Dragons,Thunder,https://goo.gl/9zieev,,
Dodgers,Yasiel Puig,Chamuel,Wild Horse,https://goo.gl/9zieev,,
Dodgers,Hyun-Jin Ryu,Jed,Korean Monster,https://goo.gl/9zieev,,
Dodgers,Corey Seager,Chase Rice,U Turn,https://goo.gl/9zieev,,
Dodgers,Rob Segedin,Rebelution,Feeling Alright,https://goo.gl/9zieev,,
Dodgers,Brock Stewart,,,https://goo.gl/9zieev,,
Dodgers,Ross Stripling,,,https://goo.gl/9zieev,,
Dodgers,Chris Taylor,Steve Earle,Copperhead Road,https://goo.gl/9zieev,,
Dodgers,Andrew Toles,Kendrick Lamar,XXX. Feat. U2.,https://goo.gl/9zieev,,
Dodgers,Justin Turner,Ed Sheeran,Shape of You,https://goo.gl/9zieev,,
Dodgers,Julio Urias,Banda El Recodo,El Sinaloesence,https://goo.gl/9zieev,,
Dodgers,Chase Utley,Led Zeppelin,Kashmir,https://goo.gl/9zieev,,
Dodgers,Alex Verdugo,"Farruko, Bad Bunny, Rvssian",Krippy Kush,https://goo.gl/9zieev,,
Dodgers,Alex Wood,Red Hot Chili Peppers,Can't Stop,https://goo.gl/9zieev,,
Marlins,Brian Anderson,Twenty One Pilots,Heathens,https://goo.gl/SBx5tt,,
Marlins,Kyle Barraclough,Rihanna,Diamonds - Remix,https://goo.gl/SBx5tt,,
Marlins,Lewis Brison,Jay-Z,Public Service Announcement,https://goo.gl/SBx5tt,,
Marlins,Starlin Castro,,,https://goo.gl/SBx5tt,,
Marlins,Wei-Yin Chen,,,https://goo.gl/SBx5tt,,
Marlins,Garrett Cooper,Huncho Jack,Saint,https://goo.gl/SBx5tt,,
Marlins,Derek Dietrich,Phil Collins,In The Air Tonight,https://goo.gl/SBx5tt,,
Marlins,Tayron Guerrero,,,https://goo.gl/SBx5tt,,
Marlins,Elieser Hernandez,,,https://goo.gl/SBx5tt,,
Marlins,Bryan Holiday,Chingy,Holidae In - Edit,https://goo.gl/SBx5tt,,
Marlins,Braxton Lee,,,https://goo.gl/SBx5tt,,
Marlins,Chris O'Grady,Ram Jam,Black Betty,https://goo.gl/SBx5tt,,
Marlins,Dillon Peters,,,https://goo.gl/SBx5tt,,
Marlins,Martin Prado,,,https://goo.gl/SBx5tt,,
Marlins,J.T. Realmuto,,,https://goo.gl/SBx5tt,,
Marlins,JT Riddle,Jon Pardi,Dirt On My Boots,https://goo.gl/SBx5tt,,
Marlins,Yadiel Rivera,Miky Woodz,Antes De Morirme,https://goo.gl/SBx5tt,,
Marlins,Miguel Rojas,J Balvin,Machika,https://goo.gl/SBx5tt,,
Marlins,Caleb Smith,AC/DC,Thunderstruck,https://goo.gl/SBx5tt,,
Marlins,Drew Steckenrider,,,https://goo.gl/SBx5tt,,
Marlins,Dan Straily,Imagine Dragons,Thunder,https://goo.gl/SBx5tt,,
Marlins,Jose Urena,,,https://goo.gl/SBx5tt,,
Marlins,Chad Wallach,,,https://goo.gl/SBx5tt,,
Brewers,Jesus Aguilar,Seve Aoki,Azukita,https://goo.gl/jE1iSb,,
Brewers,Matt Albers,Rage Against The Machine,Sleep Now In The Fire,https://goo.gl/jE1iSb,,
Brewers,Chase Anderson,Unspoken,Start A Fire,https://goo.gl/jE1iSb,,
Brewers,Orlando Arcia,Farruko,Mi Forma De Ser,https://goo.gl/jE1iSb,,
Brewers,Jett Bandy,A$AP Rocky,Lord Pretty Flacko Jodye 2 (LPFJ2),https://goo.gl/jE1iSb,,
Brewers,Jacob Barnes,Brantley Gilbert,Bottoms Up,https://goo.gl/jE1iSb,,
Brewers,Ryan Braun,Drake,Talk Up (Feat. Jay-Z),https://goo.gl/jE1iSb,,
Brewers,Keon Broxton,Drake,In My Feelings,https://goo.gl/jE1iSb,,
Brewers,Lorenzo Cain,Three 6 Mafia,Poppin' My Collar,https://goo.gl/jE1iSb,,
Brewers,Jhoulys Chacin,Natti Natasha,Criminal,https://goo.gl/jE1iSb,,
Brewers,Zach Davies,Run-D.M.C.,It's Tricky,https://goo.gl/jE1iSb,,
Brewers,Nick Franklin,Imagine Dragons,Whatever It Takes,https://goo.gl/jE1iSb,,
Brewers,Curtis Granderson,Cameo,Word Up,https://goo.gl/jE1iSb,,
Brewers,Junior Guerra,Tego Calderon,Cosa Buena,https://goo.gl/jE1iSb,,
Brewers,Josh Hader,Styx,Renegade,https://goo.gl/jE1iSb,,
Brewers,Jeremy Jeffress,Lil Wayne,Fireman - Album Version (Edited),https://goo.gl/jE1iSb,,
Brewers,Dan Jennings,KB,Here We Go,https://goo.gl/jE1iSb,,
Brewers,Corey Knebel,Joe Walsh,Rocky Mountain Way,https://goo.gl/jE1iSb,,
Brewers,Eric Kratz,Skillet,Collide,https://goo.gl/jE1iSb,,
Brewers,Wade Miley,Brooks & Dunn,Hillbilly Deluxe,https://goo.gl/jE1iSb,,
Brewers,Mike Moustakas,Arcangel,Me Acostumbre (Feat. Bad Bunny),https://goo.gl/jE1iSb,,
Brewers,Jacob Nottingham,Jay-Z,Bam,https://goo.gl/jE1iSb,,
Brewers,Nate Orf,Avicii,Heart Upon My Sleeve,https://goo.gl/jE1iSb,,
Brewers,Hernan Perez,Daddy Yankee,Zum Zum,https://goo.gl/jE1iSb,,
Brewers,Freddy Peralta,Tono Rosario,Kulikitaka,https://goo.gl/jE1iSb,,
Brewers,Manny Pina,Mozart La Para,Bye Bye,https://goo.gl/jE1iSb,,
Brewers,Tyler Saladino,Watt,Burning Man (With Post Malone),https://goo.gl/jE1iSb,,
Brewers,Domingo Santana,"Secreto ""El Famoso Biberon""",La Vuelta,https://goo.gl/jE1iSb,,
Brewers,Jonathan Schoop,Lil Baby,Yes Indeed,https://goo.gl/jE1iSb,,
Brewers,Travis Shaw,Rihanna,Talk That Talk,https://goo.gl/jE1iSb,,
Brewers,Eric Sogard,Imagine Dragons,Radioactive,https://goo.gl/jE1iSb,,
Brewers,Joakim Soria,Guns N' Roses,Welcome To The Jungle,https://goo.gl/jE1iSb,,
Brewers,Brent Suter,John Williams,Theme From Jurassic Park,https://goo.gl/jE1iSb,,
Brewers,Eric Thames,Metallica,Creeping Death (Remastered),https://goo.gl/jE1iSb,,
Brewers,Stephen Vogt,Skillet,Comatose,https://goo.gl/jE1iSb,,
Brewers,Taylor Williams,Kid Cudi,Alive (Nightmare),https://goo.gl/jE1iSb,,
Brewers,Brandon Woodruff,Alabama,Dixieland Delight - Single Edit,https://goo.gl/jE1iSb,,
Brewers,Christian Yelich,Andre Nickatina,Jungle,https://goo.gl/jE1iSb,,
Mets,Tyler Bashlor,Arctic Monkeys,Do I Wanna Know?,https://goo.gl/hK1H1r,,
Mets,Jose Bautista,A$AP Ferg,New Level,https://goo.gl/hK1H1r,,
Mets,Jerry Blevins,The Rolling Stones,Sympathy For The Devil,https://goo.gl/hK1H1r,,
Mets,Jay Bruce,Jay-Z,Public Service Announcement,https://goo.gl/hK1H1r,,
Mets,Yoenis Cespedes,Jacob Forever,Quiéreme,https://goo.gl/hK1H1r,,
Mets,Michael Conforto,Drake,Nice For What,https://goo.gl/hK1H1r,,
Mets,Travis d'Arnaud,Dr. Dre,Still D.R.E.,https://goo.gl/hK1H1r,,
Mets,Jacob deGrom,Lynyrd Skynyrd,Simple Man,https://goo.gl/hK1H1r,,
Mets,Phillip Evans,Rae Sremmurd,Close (Feat. Travis Scott),https://goo.gl/hK1H1r,,
Mets,Wilmer Flores,The Rembrandts,I'll Be Ther For You,https://goo.gl/hK1H1r,,
Mets,Todd Frazier,Frank Sinatra,Fly Me to the Moon,https://goo.gl/hK1H1r,,
Mets,Robert Gsellman,Billy Squier,The Stroke - Remastered,https://goo.gl/hK1H1r,,
Mets,Luis Guillorme,Stories,Brother Louie,https://goo.gl/hK1H1r,,
Mets,Juan Lagares,Lirico En La Casa,Prendi,https://goo.gl/hK1H1r,,
Mets,Seth Lugo,Megadeth,Angry Again,https://goo.gl/hK1H1r,,
Mets,Steven Matz,Lynyrd Skynyrd,Call Me The Breeze,https://goo.gl/hK1H1r,,
Mets,Jeff McNeil,Def Leppard,Rock Of Ages,https://goo.gl/hK1H1r,,
Mets,Devin Mesoraco,Lee Bruce,Boy,https://goo.gl/hK1H1r,,
Mets,Tomas Nido,Cardi B,I Like It,https://goo.gl/hK1H1r,,
Mets,Brandon Nimmo,Hillsong United,So Will I (100 Billion X),https://goo.gl/hK1H1r,,
Mets,Corey Oswalt,Mötley Crüe,Kickstart My Heart,https://goo.gl/hK1H1r,,
Mets,Tim Peterson,Rebelution,Celebrate,https://goo.gl/hK1H1r,,
Mets,Kevin Plawecki,Blocboy JB,Look Alive (Feat. Drake),https://goo.gl/hK1H1r,,
Mets,AJ Ramos,Kanye West,Power,https://goo.gl/hK1H1r,,
Mets,Jose Reyes,Bad Bunny,Estamos Bien,https://goo.gl/hK1H1r,,
Mets,Jacob Rhame,Weezer,Island In The Sun,https://goo.gl/hK1H1r,,
Mets,T.J. Rivera,Lord Tariq,Déjà Vu (Uptown Baby),https://goo.gl/hK1H1r,,
Mets,Amed Rosario,Musicologo The Libro,Bum Bam Ven,https://goo.gl/hK1H1r,,
Mets,Paul Sewald,Le Castle Vania,John Wick Mode,https://goo.gl/hK1H1r,,
Mets,Dominic Smith,Future & Young Thug,All Da Smoke,https://goo.gl/hK1H1r,,
Mets,Drew Smith,Pat Green,Wave On Wave,https://goo.gl/hK1H1r,,
Mets,Anthony Swarzak,Audioslave,Cochise,https://goo.gl/hK1H1r,,
Mets,Noah Syndergaard,Trans-Siberian Orchestra,Carmina Burana,https://goo.gl/hK1H1r,,
Mets,Jason Vargas,Van Halen,Panama,https://goo.gl/hK1H1r,,
Mets,Zack Wheeler,Audioslave,Cochise,https://goo.gl/hK1H1r,,
Phillies,Jorge Alfaro,Tono Rosario,Dale Vieja Dale,https://goo.gl/jtSdME,,
Phillies,Aaron Altherr,Elevation Worship,Do It Again,https://goo.gl/jtSdME,,
Phillies,Jake Arrieta,Rob Dougan,Clubbed To Death,https://goo.gl/jtSdME,,
Phillies,Luis Alivan,Johnny Cash,Ring of Fire,https://goo.gl/jtSdME,,
Phillies,J.P. Crawford,Zero,Ric Flair Drip,https://goo.gl/jtSdME,,
Phillies,Zach Eflin,Lynyrd Skynyrd,Free Bird,https://goo.gl/jtSdME,,
Phillies,Pedro Florimon,Tercer Cielo,Creere,https://goo.gl/jtSdME,,
Phillies,Maikel Franco,"Secreto ""El Famoso Biberon""",Mi Cumpleaño,https://goo.gl/jtSdME,,
Phillies,Cesar Hernandez,Julio Melgar,Creo En Ti,https://goo.gl/jtSdME,,
Phillies,Odubel Herrera,Felipe Peláez,Mi Celosa Hermosa,https://goo.gl/jtSdME,,
Phillies,Rhys Hoskins,Calvin Harris,Slide,https://goo.gl/jtSdME,,
Phillies,Tommy Hunter,Kevin Gates,Again,https://goo.gl/jtSdME,,
Phillies,Scott Kingery,DJ Kool,Let Me Clear My Throat,https://goo.gl/jtSdME,,
Phillies,Andrew Knapp,Flume,Holdin On,https://goo.gl/jtSdME,,
Phillies,Adam Morgan,Jason Aldean,My Kinda Party,https://goo.gl/jtSdME,,
Phillies,Aaron Nola,Newsboys,I Am Second,https://goo.gl/jtSdME,,
Phillies,Nick Pivetta,Audioslave,Show Me How To Live,https://goo.gl/jtSdME,,
Phillies,Carlos Santana,El Mayor Clasico,Ven Meneate - Remix,https://goo.gl/jtSdME,,
Phillies,Jesmuel Valentin,Amenazzy,Solo,https://goo.gl/jtSdME,,
Phillies,Vince Velasquez,G-Easy,Random,https://goo.gl/jtSdME,,
Phillies,Nick Williams,Logic,Hallelujah,https://goo.gl/jtSdME,,
Pirates,Chris Archer,Drake,Mob Ties,https://goo.gl/n3Pkub,,
Pirates,Josh Bell,Big Sean,Pull Up N Wreck (& Metro Boomin),https://goo.gl/n3Pkub,,
Pirates,Francisco Cervelli,Dean Martin,That's Amore - Remastered,https://goo.gl/n3Pkub,,
Pirates,Elias Diaz,Christian Lopez,Le Mejor Bendición,https://goo.gl/n3Pkub,,
Pirates,Corey Dickerson,Jeremy Camp,Take My Life,https://goo.gl/n3Pkub,,
Pirates,Adam Frazier,Ginuwine,Pony,https://goo.gl/n3Pkub,,
Pirates,Josh Harrison,Big Sean,Go Legend (& Metro Boomin),https://goo.gl/n3Pkub,,
Pirates,Nick Kingham,DJ Kool,Let Me Clear My Throat,https://goo.gl/n3Pkub,,
Pirates,Kevin Kramer,Eric Church,The Outsiders,https://goo.gl/n3Pkub,,
Pirates,Chad Kuhl,Luke Combs,Out There,https://goo.gl/n3Pkub,,
Pirates,Ryan Lavarnway,Marky Mark And The Funky Bunch,Good Vibrations,https://goo.gl/n3Pkub,,
Pirates,Jordy Mercer,Miguel,Sky Walker,https://goo.gl/n3Pkub,,
Pirates,Colin Moran,The Rolling Stones,Start Me Up - Remastered,https://goo.gl/n3Pkub,,
Pirates,Max Moroff,Illenium,It's All on U - T-Mass & LZRD Remix,https://goo.gl/n3Pkub,,
Pirates,Joe Musgrove,Tribal Seeds,Vampire - Feat. Whiteboy John,https://goo.gl/n3Pkub,,
Pirates,Kevin Newman,Axwell Ingrosso,More Than You Know,https://goo.gl/n3Pkub,,
Pirates,Ivan Nova,Anthony Santos,Marta La Reina (El Vivo - Version),https://goo.gl/n3Pkub,,
Pirates,Gregory Polanco,Chimbala,Tan Celoso,https://goo.gl/n3Pkub,,
Pirates,Pablo Reyes,Lilly Goodman,Yo Sin Ti,https://goo.gl/n3Pkub,,
Pirates,Jameson Taillon,Led Zeppelin,When The Levee Breaks,https://goo.gl/n3Pkub,,
Pirates,Felipe Vazquez,Marc Anthony,Aguanile,https://goo.gl/n3Pkub,,
Pirates,Trevor Williams,Tool,No Jambi,https://goo.gl/n3Pkub,,
Padres,Carlos Asuaje,Kodak Black,Roll In Peace (Feat. XXXTENTACION),https://goo.gl/by1ura,,
Padres,Colten Brewer,Stevie Ray Vaughan,Voodoo Child (Slight Return),https://goo.gl/by1ura,,
Padres,Adam Climber,Pitbull,Timber,https://goo.gl/by1ura,,
Padres,Allen Cordoba,Afro Bros,18 Plus - Orgininal Mix,https://goo.gl/by1ura,,
Padres,Alex Dickerson,Imagine Dragons,Believer,https://goo.gl/by1ura,,
Padres,A.J. Ellis,,,https://goo.gl/by1ura,,
Padres,Robbie Erlin,Five Finger Death Punch,Bad Company,https://goo.gl/by1ura,,
Padres,Freddy Galvis,Apache,De Vuelta Al Escenario,https://goo.gl/by1ura,,
Padres,Brad Hand,Ice Cube,You Know How We Do It - Remastered,https://goo.gl/by1ura,,
Padres,Chase Headley,Zach Williams,Song of Deliverance,https://goo.gl/by1ura,,
Padres,Austin Hedges,George Michael,Careless Whisper,https://goo.gl/by1ura,,
Padres,Eric Hosmer,Fat Joe,All The Way Up,https://goo.gl/by1ura,,
Padres,Travis Jankowski,Jetta,I'd Love To Change The World,https://goo.gl/by1ura,,
Padres,Dinelson Lamet,Ozuna,Tu Foto,https://goo.gl/by1ura,,
Padres,Raffy Lopez,Inner Circle,Sweat (A La La La La Long),https://goo.gl/by1ura,,
Padres,Joey Lucchesi,Jay-Z,On To The Next One,https://goo.gl/by1ura,,
Padres,Jordan Lyles,Florida Georgia Line,Cruise,https://goo.gl/by1ura,,
Padres,Kazuhisa Makita,Pitbull,Kinternational Love,https://goo.gl/by1ura,,
Padres,Manuel Margot,Tercer Cielo,Estare,https://goo.gl/by1ura,,
Padres,Kyle McGrath,R. Kelly,Ignition - Remix,https://goo.gl/by1ura,,
Padres,Bryan Mitchell,,,https://goo.gl/by1ura,,
Padres,Wil Myers,Led Zeppelin,Immigrant Song,https://goo.gl/by1ura,,
Padres,Luis Perodomo,El Alfa,Lo Que Yo Diga (Dema Ga Ge Gi Go Gu Remix),https://goo.gl/by1ura,,
Padres,Colin Rea,Zac Brown Band,Homegrown,https://goo.gl/by1ura,,
Padres,Hunter Renfroe,Post Malone,Psycho (Feat. Ty Dolla $ign),https://goo.gl/by1ura,,
Padres,Clayton Richard,Nelly,Country Grammar (Hot…),https://goo.gl/by1ura,,
Padres,Tyson Ross,Maximillian,California Soul,https://goo.gl/by1ura,,
Padres,Cory Spangenberg,Jason Aldean,Getting' Warmed Up,https://goo.gl/by1ura,,
Padres,Craig Stammen,Survivor,Eye of the Tiger,https://goo.gl/by1ura,,
Padres,Matt Szczur,Major Lazer,Light It Up - Remix,https://goo.gl/by1ura,,
Padres,Kirby Yates,Bob Marley & The Wailers,Could You Be Loved,https://goo.gl/by1ura,,
Giants,Tyler Beede,NEEDTOBREATHE,Oohs And Ahhs,https://goo.gl/JLQX7S,,
Giants,Brandon Belt,Dead or Alive,You Spin Me Round (Like A Record),https://goo.gl/JLQX7S,,
Giants,Ty Blach,Crowder,Prove It,https://goo.gl/JLQX7S,,
Giants,Gregor Blanco,Jay-Z,Bam (Feat. Damian Marley),https://goo.gl/JLQX7S,,
Giants,Madison Bumgarner,Bad Company,Bad Company - 2015 Remastered Version,https://goo.gl/JLQX7S,,
Giants,Brandon Crawford,Mac Dre,Since '84,https://goo.gl/JLQX7S,,
Giants,Johnny Cueto,Nicky Jam,El Amante,https://goo.gl/JLQX7S,,
Giants,Sam Dyson,,,https://goo.gl/JLQX7S,,
Giants,Roberto Gomez,El Mayor Clasico,Prendi (Feat. Lirico En La Casa),https://goo.gl/JLQX7S,,
Giants,Gorkys Hernandez,MC Fioti,Bum Bum Tam Tam,https://goo.gl/JLQX7S,,
Giants,Derek Holland,WWE,Here Comes The Money (Shane McMahon),https://goo.gl/JLQX7S,,
Giants,Nick Hundley,Collective Soul,Shine,https://goo.gl/JLQX7S,,
Giants,Pierce Johnson,Ayokay,Kings of Summer,https://goo.gl/JLQX7S,,
Giants,Evan Longoria,Tantric,Down And Out,https://goo.gl/JLQX7S,,
Giants,Mark Melancon,AC/DC,Thunderstruck,https://goo.gl/JLQX7S,,
Giants,Reyas Moronta,El Alfa,Dema Ga Ge Gi Go Gu (Feat. Bad Bunny),https://goo.gl/JLQX7S,,
Giants,Steven Okert,,,https://goo.gl/JLQX7S,,
Giants,Josh Osich,Danzig,Mother,https://goo.gl/JLQX7S,,
Giants,Joe Panik,Drake White,Livin' The Dream,https://goo.gl/JLQX7S,,
Giants,Hunter Pence,Imagine Dragons,Thunder,https://goo.gl/JLQX7S,,
Giants,Buster Posey,Florida Georgia Line,May We All,https://goo.gl/JLQX7S,,
Giants,Jeff Samardzija,Nirvana,In Bloom - Nevermind Edition,https://goo.gl/JLQX7S,,
Giants,Pablo Sandoval,Bad Bunny,Chambea,https://goo.gl/JLQX7S,,
Giants,Will Smith,,,https://goo.gl/JLQX7S,,
Giants,Chris Stratton,NEEDTOBREATHE,Brother (Feat. Gavin DeGraw),https://goo.gl/JLQX7S,,
Giants,Hunter Strickland,AC/DC,Have A Drink On Me,https://goo.gl/JLQX7S,,
Giants,Kelby Tomlinson,Jason Crabb,If I Shout,https://goo.gl/JLQX7S,,
Giants,Tony Watson,,,https://goo.gl/JLQX7S,,
Cardinals,Harrison Bader,Chris Brown,Pills & Automobiles,https://goo.gl/bW7mkH,,
Cardinals,Matt Carpenter,Turnpike Troubadours,Long Hot Summer Day,https://goo.gl/bW7mkH,,
Cardinals,Brett Cecil,Tool,Sober,https://goo.gl/bW7mkH,,
Cardinals,Paul DeJong,Judas Priest,You've Got Another Thing Coming,https://goo.gl/bW7mkH,,
Cardinals,Dexter Fowler,Drake,Jumpman,https://goo.gl/bW7mkH,,
Cardinals,Luke Gregerson,Volbeat,Dead But Rising,https://goo.gl/bW7mkH,,
Cardinals,Jedd Gyorko,Jon Pardi,Dirt On My Boots,https://goo.gl/bW7mkH,,
Cardinals,Dominic Leone,Faith,Devour The Day,https://goo.gl/bW7mkH,,
Cardinals,Carlos Martinez,El Mayor Clasico,Los Niños Malos (feat. Ceky Vicini),https://goo.gl/bW7mkH,,
Cardinals,Jose Martinez,Ozuna,Síguelo Bailando,https://goo.gl/bW7mkH,,
Cardinals,Miles Mikolas,Led Zeppelin,When The Levee Breaks,https://goo.gl/bW7mkH,,
Cardinals,Yadier Molina,Jon Z,Viajo Sin Ver - Bonus Track,https://goo.gl/bW7mkH,,
Cardinals,Yairo Munoz,Arcangel,Rojo,https://goo.gl/bW7mkH,,
Cardinals,Marcell Ozuna,Bad Bunny,Tu No Metes Cabra Remix,https://goo.gl/bW7mkH,,
Cardinals,Alex Reyes,Chance the Rapper,No Problem (feat. Lil Wayne & 2 Chainz),https://goo.gl/bW7mkH,,
Cardinals,Michael Wacha,Russ,What They Want,https://goo.gl/bW7mkH,,
Cardinals,Adam Wainwright,Alabama,Song of the South,https://goo.gl/bW7mkH,,
Cardinals,Luke Weaver,NEEDTOBREATHE,Multiplied,https://goo.gl/bW7mkH,,
Cardinals,Kolten Wong,Landon McNamara,I Do What I Do,https://goo.gl/bW7mkH,,
Nationals,Joaquin Benoit,Pitbull,Fireball (feat. John Ryan),https://goo.gl/ksjca4,,
Nationals,Wilmer Difo,Tercer Cielo,Creere,https://goo.gl/ksjca4,,
Nationals,Sean Doolittle,Metallica,For Whom The Bell Tolls (Remastered),https://goo.gl/ksjca4,,
Nationals,Adam Eaton,Blackstreet,No Diggity,https://goo.gl/ksjca4,,
Nationals,Erick Fedde,Gryffin,Feel Good (feat. Daya),https://goo.gl/ksjca4,,
Nationals,Koda Glover,Marilyn Manson,Sweet Dreams (Are Made Of This),https://goo.gl/ksjca4,,
Nationals,Matt Grace,Led Zeppelin,When The Levee Breaks,https://goo.gl/ksjca4,,
Nationals,Bryce Harper,Moby,Flower,https://goo.gl/ksjca4,,
Nationals,Howie Kendrick,Shawty Lo,They Know [Dey Know],https://goo.gl/ksjca4,,
Nationals,Anthony Rendon,116,Light Work,https://goo.gl/ksjca4,,
Nationals,Tanner Roark,Ted Nugent,Stranglehold,https://goo.gl/ksjca4,,
Nationals,Adrian Sanchez,J Balvin,Mi Gente,https://goo.gl/ksjca4,,
Nationals,Max Scherzer,NF,No Name,https://goo.gl/ksjca4,,
Nationals,Pedro Severino,Chimbala,Tamo Burlao,https://goo.gl/ksjca4,,
Nationals,Sammy Solis,Diplo,Revolution,https://goo.gl/ksjca4,,
Nationals,Andrew Stevenson,Luke Combs,Hurricane,https://goo.gl/ksjca4,,
Nationals,Stephen Strausburg,The White Stripes,Seven Nation Army,https://goo.gl/ksjca4,,
Nationals,Michael Taylor,Magic & Bird,Dance (You See It),https://goo.gl/ksjca4,,
Nationals,Trea Turner,Future,Look Ahead,https://goo.gl/ksjca4,,
Nationals,Matt Wieters,Zach Williams,Old Church Choir,https://goo.gl/ksjca4,,
Nationals,Ryan Zimmerman,Matoma,Old Thing Back (feat. Ja Rule & Ralph Tresvant),https://goo.gl/ksjca4,,
Orioles,Pedro Alvarez,The Notorious B.I.G.,Juicy,https://goo.gl/MHs18z,,
Orioles,Pedro Araujo,Secreto El Famoso Bibieron,Mi Cumpleaño,https://goo.gl/MHs18z,,
Orioles,Tim Beckham,Moneybagg Yo,Struggle,https://goo.gl/MHs18z,,
Orioles,Richard Bleier,Nirvana,Breed,https://goo.gl/MHs18z,,
Orioles,Dylan Bundy,Colt Ford,Answer To No One,https://goo.gl/MHs18z,,
Orioles,Andrew Cashner,Cross Canadian Ragweed,Boys From Oklahoma,https://goo.gl/MHs18z,,
Orioles,Miguel Castro,El Batallon,Aqui No Hay Miedo,https://goo.gl/MHs18z,,
Orioles,Alex Cobb,,,https://goo.gl/MHs18z,,
Orioles,Chris Davis,Thousand Foot Krutch,Light Up The Sky,https://goo.gl/MHs18z,,
Orioles,Craig Genry,Jimi Hendrix,All Along the Watchtower,https://goo.gl/MHs18z,,
Orioles,Mychal Givens,Fugees,Ready Or Not,https://goo.gl/MHs18z,,
Orioles,Donnie Hart,Chevelle,The Red,https://goo.gl/MHs18z,,
Orioles,Hunter Harvey,Rick Derringer,Real American,https://goo.gl/MHs18z,,
Orioles,Austin Hays,Kendrick Lamar,DNA.,https://goo.gl/MHs18z,,
Orioles,Adam Jones,Migos,Walk It Talk It,https://goo.gl/MHs18z,,
Orioles,Caleb Joseph,Tobymac,I Just Need U,https://goo.gl/MHs18z,,
Orioles,Trey Mancini,The Notorious B.I.G.,Mo Money No Problem,https://goo.gl/MHs18z,,
Orioles,Colby Rasmus,Jimmy Hart,Wolfpac,https://goo.gl/MHs18z,,
Orioles,Joey Rickard,Dilated Peoples,"You Can't Hide, You Can't Run",https://goo.gl/MHs18z,,
Orioles,Anthony Santander,,,https://goo.gl/MHs18z,,
Orioles,Chance Sisco,Cody Jinks,Loud And Heavy,https://goo.gl/MHs18z,,
Orioles,Mark Trumbo,Thrice,Black Honey,https://goo.gl/MHs18z,,
Orioles,Mike Wright,The Whispers,Rock Steady,https://goo.gl/MHs18z,,
Orioles,Jimmy Yacabonis,ZZ Top,La Grange,https://goo.gl/MHs18z,,
Orioles,Gabriel Ynoa,,,https://goo.gl/MHs18z,,
Red Sox,Matt Barnes,Eric Prydz,Every Day,https://goo.gl/XcVQwi,,
Red Sox,Andrew Benintendi,Locash,I Love This Life,https://goo.gl/XcVQwi,,
Red Sox,Mookie Betts,Ernest K.,I Love My City,https://goo.gl/XcVQwi,,
Red Sox,Xander Bogaerts,Kodak Black & Travis Scott,ZEZE,https://goo.gl/XcVQwi,,
Red Sox,Jackie Bradley Jr.,Eminem,Venom,https://goo.gl/XcVQwi,,
Red Sox,Ryan Brasier,,,https://goo.gl/XcVQwi,,
Red Sox,William Cuevas,Liro Shaq,Guayabu,https://goo.gl/XcVQwi,,
Red Sox,Rafael Devers,El Alfa,Lo Que Yo Diga,https://goo.gl/XcVQwi,,
Red Sox,Nathan Eovaldi,Gary Clark Jr.,Come Together,https://goo.gl/XcVQwi,,
Red Sox,Heath Hembree,Migos,Narcos,https://goo.gl/XcVQwi,,
Red Sox,Brock Holt,Cody Johnson,Dance Her Home,https://goo.gl/XcVQwi,,
Red Sox,Brian Johnson,Tom Petty,I Won't Back Down,https://goo.gl/XcVQwi,,
Red Sox,Joe Kelly,Dr. Dre,Forget About Dre,https://goo.gl/XcVQwi,,
Red Sox,Craig Kimbrel,Ted Nugent,Stranglehold,https://goo.gl/XcVQwi,,
Red Sox,Ian Kinsler,Stevie Wonder,Superstition,https://goo.gl/XcVQwi,,
Red Sox,Sandy Leon,Juan Luis Guerra,En el Cielo No Hay Hospital,https://goo.gl/XcVQwi,,
Red Sox,Tzu-Wei Lin,Biung Wang,War Dance,https://goo.gl/XcVQwi,,
Red Sox,J.D Martinez,Rick Ross,Hustlin',https://goo.gl/XcVQwi,,
Red Sox,Mitch Moreland,Chase Rice,Lions,https://goo.gl/XcVQwi,,
Red Sox,Eduardo Nunez,Yandel,Como Antes,https://goo.gl/XcVQwi,,
Red Sox,Steve Pearce,Imagine Dragons,Thunder,https://goo.gl/XcVQwi,,
Red Sox,Brandon Phililps,Quavo,Workin Me,https://goo.gl/XcVQwi,,
Red Sox,Drew Pomeranz,Sebastian Ingrosso,Calling(Lose My Mind),https://goo.gl/XcVQwi,,
Red Sox,Rick Porcello,Audioslave,Shadow On the Sun,https://goo.gl/XcVQwi,,
Red Sox,Bobby Poyner,Jason Aldean,Lights Come On,https://goo.gl/XcVQwi,,
Red Sox,David Price,Russ,The Flute Song,https://goo.gl/XcVQwi,,
Red Sox,Eduardo Rodriguez,Tego Calderon,Pa 'Que Retozen,https://goo.gl/XcVQwi,,
Red Sox,Chris Sale,Lil Wayne,Fly In,https://goo.gl/XcVQwi,,
Red Sox,Robby Scott,Dropkick Murphys,The Lonesome Boatman,https://goo.gl/XcVQwi,,
Red Sox,Blake Swihart,Kendrick Lamar,Money Trees,https://goo.gl/XcVQwi,,
Red Sox,Tyler Thornburg,Ini Kamoze,Here Comes the Hotstepper,https://goo.gl/XcVQwi,,
Red Sox,Sam Travis,Lil Baby,Transporter,https://goo.gl/XcVQwi,,
Red Sox,Brandon Workman,Randy Houser,Runnin Outta Moonlight,https://goo.gl/XcVQwi,,
Red Sox,Steven Wright,Daddy Yankee,Somos De Calle,https://goo.gl/XcVQwi,,
Red Sox,Christian Vazquez,Bad Bunny,Vamos Pa' La Calle,https://goo.gl/XcVQwi,,
Red Sox,Hector Velazquez,,,https://goo.gl/XcVQwi,,
White Sox,Jose Abreu,Juan Formell,Me Mantego,https://goo.gl/fwv1fw,,
White Sox,Tim Anderson,Migos,Walk It Talk It,https://goo.gl/fwv1fw,,
White Sox,Aaron Bummer,Sublime With Rome,Wherever You Go,https://goo.gl/fwv1fw,,
White Sox,Wellington Castillo,Juan Luis Guerra,Soldado,https://goo.gl/fwv1fw,,
White Sox,Matt Davidson,Imagine Dragons,Believer,https://goo.gl/fwv1fw,,
White Sox,Nicky Delmonico,Niall Horan,Slow Hands,https://goo.gl/fwv1fw,,
White Sox,Adam Engel,Justin Timberlake,My Love,https://goo.gl/fwv1fw,,
White Sox,Danny Farquhar,Lin-Manuel Miranda,My Shot,https://goo.gl/fwv1fw,,
White Sox,Carson Fulmer,The White Stripes,Icky Thump,https://goo.gl/fwv1fw,,
White Sox,Avisail Garcia,Camila Cabello,Havana,https://goo.gl/fwv1fw,,
White Sox,Leury Garcia,Juan Luis Guerra,En El Cielo No Hay Hospital,https://goo.gl/fwv1fw,,
White Sox,Lucas Giolito,Kanye West,Can't Tell Me Nothing,https://goo.gl/fwv1fw,,
White Sox,Miguel Gonzalez,Vicente Fernandez,El Hijo Del Pueblo,https://goo.gl/fwv1fw,,
White Sox,Gregory Infante,Zion & Lennox,Mi Tesoro,https://goo.gl/fwv1fw,,
White Sox,Nate Jones,Brantley Gilbert,Take It Outside,https://goo.gl/fwv1fw,,
White Sox,Reynaldo Lopez,Alex Zurdo,No Cuenten Conmigo,https://goo.gl/fwv1fw,,
White Sox,Juan Minaya,Alejando Fernandez,Sé Que Te Duele,https://goo.gl/fwv1fw,,
White Sox,Yoan Moncada,Chocolate MC,Madre,https://goo.gl/fwv1fw,,
White Sox,Carlos Rodon,J. Cole,Work Out,https://goo.gl/fwv1fw,,
White Sox,Yolmer Sanchez,Don Omar,Patea ,https://goo.gl/fwv1fw,,
White Sox,Hector Santiago,Mozart La Para,Bye Bye,https://goo.gl/fwv1fw,,
White Sox,James Shields,Breaking Benjamin,The Diary Of Jane,https://goo.gl/fwv1fw,,
Indians,Cody Allen,Eric Church,The Outsiders,https://goo.gl/qFFMb6,,
Indians,Greg Allen,Drake,Diamonds Dancing,https://goo.gl/qFFMb6,,
Indians,Yonder Alonso,Trick Daddy,Shut Up,https://goo.gl/qFFMb6,,
Indians,Trevor Bauer,Amon Amarth,The Pursuit Of Vikings,https://goo.gl/qFFMb6,,
Indians,Shane Bieber,Rebelution,Attnetion Span,https://goo.gl/qFFMb6,,
Indians,Michael Brantley,Rich Homie Quan,Walk Thru,https://goo.gl/qFFMb6,,
Indians,Melky Cabrera,"Hector ""El Father""",Payaso,https://goo.gl/qFFMb6,,
Indians,Carlos Carrasco,Bryan Adams,Summer of '69,https://goo.gl/qFFMb6,,
Indians,Lonnie Chisenhall,Justin Timberlake,Hair Up,https://goo.gl/qFFMb6,,
Indians,Mike Clevinger,Bill Withers,Ain't No Sunshine,https://goo.gl/qFFMb6,,
Indians,Rajai Davis,Kirk Franklin,Jesus,https://goo.gl/qFFMb6,,
Indians,Josh Donaldson,Kid Ink,Now It's Personal,https://goo.gl/qFFMb6,,
Indians,Yandy Diaz,El Principe,La Pegadera,https://goo.gl/qFFMb6,,
Indians,Edwin Encarnacion,Drake,God's Plan,https://goo.gl/qFFMb6,,
Indians,Yan Gomes,Jay-Z,Brooklyn We Go Hard,https://goo.gl/qFFMb6,,
Indians,Erik Gonzalez,Secreto El Famoso Bibieron,Real Guerrero,https://goo.gl/qFFMb6,,
Indians,Brandon Guyer,Drake,Nice For What,https://goo.gl/qFFMb6,,
Indians,Jason Kipnis,Avicii,Pure Grinding,https://goo.gl/qFFMb6,,
Indians,Corey Kluber,X Ambassadors,Jungle ,https://goo.gl/qFFMb6,,
Indians,Francisco Lindor,Bad Bunny,Estamos Bien,https://goo.gl/qFFMb6,,
Indians,Andrew Miller,Michael Jackson,Beat It,https://goo.gl/qFFMb6,,
Indians,Tyler Naquin,2pac,Picture Me Rollin',https://goo.gl/qFFMb6,,
Indians,Tyler Olson,Gary Clark Jr.,Come Together,https://goo.gl/qFFMb6,,
Indians,Dan Otero,Foo Fighters,Bridge Burning,https://goo.gl/qFFMb6,,
Indians,Oliver Perez,Chance the Rapper,No Problem,https://goo.gl/qFFMb6,,
Indians,Roberto Perez,J Balvin,Bonita,https://goo.gl/qFFMb6,,
Indians,Jose Ramirez,El Alfa,Lo Que Yo Diga,https://goo.gl/qFFMb6,,
Indians,Adam Plutko,Obie Trice,Wanna Know,https://goo.gl/qFFMb6,,
Indians,Josh Tomlin,Uncle Lucius,Keep The Wolves Away,https://goo.gl/qFFMb6,,
Indians,Bradley Zimmer,DJ Snake,The Half,https://goo.gl/qFFMb6,,
Tigers,Jim Adduci,The Hollies,Long Cool Woman,https://goo.gl/zqvXag,,
Tigers,Matt Boyd,Creedence Clearwater Revival,Fortunate Son,https://goo.gl/zqvXag,,
Tigers,Miguel Cabrera,Musiko,Contigo,https://goo.gl/zqvXag,,
Tigers,Nick Castellanos,Mac Miller,Ladders,https://goo.gl/zqvXag,,
Tigers,Jeimer Candelario,Barak,Todo Va Estar Bienb,https://goo.gl/zqvXag,,
Tigers,Louis Coleman,Garth Brooks,Callin' Baton Rouge,https://goo.gl/zqvXag,,
Tigers,Buck Farmer,The Band Of Heathens,Hurricane,https://goo.gl/zqvXag,,
Tigers,Michael Fulmer,Justin Moore,Hank It,https://goo.gl/zqvXag,,
Tigers,Michael Gerber,Rihanna,Desperado,https://goo.gl/zqvXag,,
Tigers,Niko Goodrum,Travis Scott,Sicko Mode,https://goo.gl/zqvXag,,
Tigers,Shane Greene,Eminem,Sqaure Dance,https://goo.gl/zqvXag,,
Tigers,Grayson Greiner,Jimi Hendrix,All Along the Watchtower,https://goo.gl/zqvXag,,
Tigers,Blaine Hardy,Fort Minor,High Road,https://goo.gl/zqvXag,,
Tigers,John Hicks,Jason Aldean,Lights Come On,https://goo.gl/zqvXag,,
Tigers,Jose Iglesias,Drake,God's Plan,https://goo.gl/zqvXag,,
Tigers,Joe Jimenez,Bad Bunny,Vamos Pa' La Calle,https://goo.gl/zqvXag,,
Tigers,Jacoby Jones,Lil Wayne,Mrs. Officer,https://goo.gl/zqvXag,,
Tigers,Pete Kozma,Led Zeppelin,The Ocean,https://goo.gl/zqvXag,,
Tigers,Francisco Liriano,Tego Calderon,Sandungueoso,https://goo.gl/zqvXag,,
Tigers,Dawel Lugo,Secreto El Famoso Bibieron,La Vuelta,https://goo.gl/zqvXag,,
Tigers,Dixon Machado,Nicky Jam,X,https://goo.gl/zqvXag,,
Tigers,Mikie Mahtook,Rob $tone,Chill Bill,https://goo.gl/zqvXag,,
Tigers,Victor Martinez,Becky G,Sin Pijama,https://goo.gl/zqvXag,,
Tigers,James McCann,Martha Reeves & The Vandellas,Jimmy Mack,https://goo.gl/zqvXag,,
Tigers,Daniel Norris,Dr. Dog,Coming Out Of The Darkness,https://goo.gl/zqvXag,,
Tigers,Victor Reyes,Mozart La Para,Levantante,https://goo.gl/zqvXag,,
Tigers,Ronny Rodriguez,El Musicologo,I Got The Keys,https://goo.gl/zqvXag,,
Tigers,Jarrod Saltalamacchia,The Outfield,Your Love,https://goo.gl/zqvXag,,
Tigers,Warwick Saupold,Logic,Wassup,https://goo.gl/zqvXag,,
Tigers,Drew VerHagen,Odesza,Bloom,https://goo.gl/zqvXag,,
Tigers,Alex Wilson,Ray Wylie Hubbard,Snake Farm,https://goo.gl/zqvXag,,
Tigers,Jordan Zimmermann,Brantley Gilbert,Hell on Wheels,https://goo.gl/zqvXag,,
Astros,Jose Altuve,Kygo,Firestone,https://goo.gl/fi7zp8,,
Astros,Alex Bregman,A$AP Ferg,Plaine Jane,https://goo.gl/fi7zp8,,
Astros,Gerrit Cole,The Rolling Stones,Gimme Shelter,https://goo.gl/fi7zp8,,
Astros,Carlos Correa,N.E.R.D,Lemon,https://goo.gl/fi7zp8,,
Astros,J.D Davis,David Lee Murphy,Everything's Gonna Be Alright,https://goo.gl/fi7zp8,,
Astros,Chris Devenski,Ini Kamoze,Here Comes the Hotstepper,https://goo.gl/fi7zp8,,
Astros,Derek Fisher,Rick Ross,All Bird,https://goo.gl/fi7zp8,,
Astros,Evan Gattis,Richie Havens,Freedom,https://goo.gl/fi7zp8,,
Astros,Ken Giles,Adrenaline Mob,King of the Ring,https://goo.gl/fi7zp8,,
Astros,Marwin Gonzalez,Farruko,Chillax,https://goo.gl/fi7zp8,,
Astros,Yuli Gurriel,J Balvin,Mi Gente,https://goo.gl/fi7zp8,,
Astros,Will Harris,Johnny Cash,The Man Comes Around,https://goo.gl/fi7zp8,,
Astros,Chris Herrmann,Logic,Flexicution,https://goo.gl/fi7zp8,,
Astros,Tony Kemp,Travis Scott,Goosebumps,https://goo.gl/fi7zp8,,
Astros,Dallas Keuchel,Rock Mafia,I Am,https://goo.gl/fi7zp8,,
Astros,Jake Marisnick,Bruno Mars,That's What I like,https://goo.gl/fi7zp8,,
Astros,Brian Mccann,Chris Stapleton,Broken Halos,https://goo.gl/fi7zp8,,
Astros,Lance McCullers,Travis Scott,I Can Tell,https://goo.gl/fi7zp8,,
Astros,Colin Mchugh,Gary Clark Jr.,Come Together,https://goo.gl/fi7zp8,,
Astros,Charlie Morton,Jason Isbell,Palmetto Rose,https://goo.gl/fi7zp8,,
Astros,Brad Peacock,Eric Church,How 'Bout You,https://goo.gl/fi7zp8,,
Astros,Josh Reddick,Offset,Ric Flair Drip,https://goo.gl/fi7zp8,,
Astros,AJ Reed,The Notorious B.I.G.,Big Poppa,https://goo.gl/fi7zp8,,
Astros,Tony Sipp,Jeezy,Let's Get It,https://goo.gl/fi7zp8,,
Astros,Joe Smith,Jason Aldean,My Kinda Party,https://goo.gl/fi7zp8,,
Astros,George Springer,Travis Scott,Butterfly Effect,https://goo.gl/fi7zp8,,
Astros,Max Stassi,Fetty Wap,How We Do Things,https://goo.gl/fi7zp8,,
Astros,Justin Verlander,Eminem,Til I Collapse,https://goo.gl/fi7zp8,,
Astros,Tyler White,Red Hot Chili Peppers,Snow (Hey Oh),https://goo.gl/fi7zp8,,
Royals,Abraham Almonte,Unicon Tropical,Medley De Samuel Hernan,https://goo.gl/Bi6M2h,,
Royals,Scott Barlow,Cody Johnson,Dance Her Home,https://goo.gl/Bi6M2h,,
Royals,Jorge Bonifacio,El Alfa,Lo Que Yo Diga,https://goo.gl/Bi6M2h,,
Royals,Blaine Boyer,Led Zeppelin,Immigrant Song,https://goo.gl/Bi6M2h,,
Royals,Cheslor Cuthbert,Toño Rosario,Dale Vieja Dale,https://goo.gl/Bi6M2h,,
Royals,Danny Duffy,Waka Flocka Flame,Karma,https://goo.gl/Bi6M2h,,
Royals,Alcides Escobar,Ozuna,Vaina Loca,https://goo.gl/Bi6M2h,,
Royals,Brian Flynn,Billy Squier,Lonely Is The Night,https://goo.gl/Bi6M2h,,
Royals,Cam Gallagher,The Notorious B.I.G.,Hypnotize,https://goo.gl/Bi6M2h,,
Royals,Brian Goodwin,Drake,Nonstop,https://goo.gl/Bi6M2h,,
Royals,Alex Gordon,Kid Ink,Hell & Back,https://goo.gl/Bi6M2h,,
Royals,Rosell Herrera,Tercer Cielo,Si No Estas Jnto A Mi,https://goo.gl/Bi6M2h,,
Royals,Brad Keller,Imagine Dragons,Whatever It Takes,https://goo.gl/Bi6M2h,,
Royals,Brandon Mauer,2Pac,Ambitions Az A Ridah,https://goo.gl/Bi6M2h,,
Royals,Kevin McCarthy,Gang Starr,Work,https://goo.gl/Bi6M2h,,
Royals,Whit Merrifield,Locash,Feels Like A Party,https://goo.gl/Bi6M2h,,
Royals,Adalberto Mondesi,Secreto El Famoso Bibieron,La Vuelta,https://goo.gl/Bi6M2h,,
Royals,Ryan O'Hearn,Loud Luxury,Body,https://goo.gl/Bi6M2h,,
Royals,Paulo Orlando,MC WM,Fuleragem,https://goo.gl/Bi6M2h,,
Royals,Salvador Perez,Farruko,Mi Forma De Ser,https://goo.gl/Bi6M2h,,
Royals,Brett Phillips,Danny Romero,Agachate,https://goo.gl/Bi6M2h,,
Royals,Eric Skoglund,Watt,Burning Man,https://goo.gl/Bi6M2h,,
Royals,Jorge Soler,Wisin,La Gitana,https://goo.gl/Bi6M2h,,
Royals,Meibrys Viloria,Big Yamo,La Batea,https://goo.gl/Bi6M2h,,
Angels,Jose Alvarez,,,https://goo.gl/US5Lkj,,
Angels,Justin Anderson,Slim Thug,Thug,https://goo.gl/US5Lkj,,
Angels,Francisco Arcia,Zion & Lennox,La Player,https://goo.gl/US5Lkj,,
Angels,Jaime Barria,Santana,Maria Maria,https://goo.gl/US5Lkj,,
Angels,Cam Bedrosian,Tool,Vicarious,https://goo.gl/US5Lkj,,
Angels,Jose Briceno,DJ Rocca,Party Bobba,https://goo.gl/US5Lkj,,
Angels,Parker Bridwell,Nevada,The Mack,https://goo.gl/US5Lkj,,
Angels,Kole Calhoun,Imagine Dragons,Whatever It Takes,https://goo.gl/US5Lkj,,
Angels,Kaleb Cowart,Nirvana,Lake Of Fire,https://goo.gl/US5Lkj,,
Angels,Zack Cozart,The Spencer Davis Group,Gimme Some Lovin',https://goo.gl/US5Lkj,,
Angels,David Fletcher,Neffex,Crown,https://goo.gl/US5Lkj,,
Angels,Nolan Fontana,Chris Stapleton,Traveller,https://goo.gl/US5Lkj,,
Angels,Andrew Heaney,Logic,Under Pressure,https://goo.gl/US5Lkj,,
Angels,Michael Hermosillo,The Carters,Nice,https://goo.gl/US5Lkj,,
Angels,Jim Johnson,Foo Fighters,The Pretender,https://goo.gl/US5Lkj,,
Angels,Jefry Marte,Jose Pena Suazo,Dios Me Tiene Lo Mio,https://goo.gl/US5Lkj,,
Angels,Kenyan Middleton,Lil Wayne,Fireman,https://goo.gl/US5Lkj,,
Angels,Shohei Ohtani,Olly Murs,Wrapped Up,https://goo.gl/US5Lkj,,
Angels,Blake Parker,Kid Ink,Big Deal,https://goo.gl/US5Lkj,,
Angels,Felix Pena,,,https://goo.gl/US5Lkj,,
Angels,Albert Pujols,Lecrae,Don’t Waste Your Life,https://goo.gl/US5Lkj,,
Angels,JC Ramirez,J Balvin,Machika,https://goo.gl/US5Lkj,,
Angels,Noe Ramirez,Chronixx,Roots & Chalice,https://goo.gl/US5Lkj,,
Angels,Garrett Richards,Halsey,Alone,https://goo.gl/US5Lkj,,
Angels,Rene Rivera,Martin Solveig,Intoxicated,https://goo.gl/US5Lkj,,
Angels,Matt Shoemaker,,,https://goo.gl/US5Lkj,,
Angels,Andelton Simmons,Ace Hood,Hustle Hard Remix,https://goo.gl/US5Lkj,,
Angels,Tyler Skaggs,2Pac,Hail Mary,https://goo.gl/US5Lkj,,
Angels,Nick Tropeano,Cardi B,Best Life,https://goo.gl/US5Lkj,,
Angels,Mike Trout,Kanye West,Yikes,https://goo.gl/US5Lkj,,
Angels,Justin Upton,Travis Scott,Carousel,https://goo.gl/US5Lkj,,
Angels,Blake Wood,Rage Against the Machine,Bulls On Parade,https://goo.gl/US5Lkj,,
Twins,Ehire Adrianza,Nicky Jam,X,https://goo.gl/N5ggEJ,,
Twins,Byron Buxton,Mark Morrison,Return of the Mack,https://goo.gl/N5ggEJ,,
Twins,Jason Castro,Dr. Dre,Keep Their Heads Ringin,https://goo.gl/N5ggEJ,,
Twins,Logan Forsythe,Rage Against the Machine,Bulls On Parade,https://goo.gl/N5ggEJ,,
Twins,Mitch Garver,Stalley,Cut a Rug,https://goo.gl/N5ggEJ,,
Twins,Robbie Grossman,Imagine Dragons,Whatever It Takes,https://goo.gl/N5ggEJ,,
Twins,Max Kepler,Odesza,How Did I Get Here,https://goo.gl/N5ggEJ,,
Twins,Ryan LaMarre,Morgan Wallen,Up Down,https://goo.gl/N5ggEJ,,
Twins,Joe Mauer,T.I,What You Know,https://goo.gl/N5ggEJ,,
Twins,Logan Morrison,The Troggs,Wild Thing,https://goo.gl/N5ggEJ,,
Twins,Eddie Rosario,Bad Bunny,Chambrea,https://goo.gl/N5ggEJ,,
Twins,Miguel Sano,El Alfa,Raputin,https://goo.gl/N5ggEJ,,
Twins,Tyler Austin,Blackstreet,No Diggity,https://goo.gl/N5ggEJ,,
Yankees,Dellin Betances,Jay-Z,What More Can I Say?,https://goo.gl/dGekoS,,
Yankees,Greg Bird,Lil Uzi Vert,20 Min,https://goo.gl/dGekoS,,
Yankees,Aroldis Chapman,Rage Against the Machine,Wake Up,https://goo.gl/dGekoS,,
Yankees,A.J Cole,The Lacs,Just Another Thing,https://goo.gl/dGekoS,,
Yankees,Brandon Drury,Matoma,Old Thing Back,https://goo.gl/dGekoS,,
Yankees,Jacoby Ellsbury,Nelly,E.I,https://goo.gl/dGekoS,,
Yankees,Sonny Gray,Gyft,They Just Don’t Know,https://goo.gl/dGekoS,,
Yankees,Chad Green,Flipsyde,Someday,https://goo.gl/dGekoS,,
Yankees,Didi Gregorious,The Notorious B.I.G.,Notorious B.I.G,https://goo.gl/dGekoS,,
Yankees,Aaron Hicks,Mark Morrison,Return of the Mack,https://goo.gl/dGekoS,,
Yankees,Jonathan Holder,Frank Foster,Blue Collar Boys,https://goo.gl/dGekoS,,
Yankees,Aaron Judge,DJ Khaled,Don't Quit,https://goo.gl/dGekoS,,
Yankees,Tommy Kahnle,WWE,Glorious Domination,https://goo.gl/dGekoS,,
Yankees,Andrew McCutchen,DJ Khaled,Top Off,https://goo.gl/dGekoS,,
Yankees,Jordan Montgomery,Drake,Look Alive,https://goo.gl/dGekoS,,
Yankees,David Robertson,Lynyrd Skynyrd,Sweet Home Alabama,https://goo.gl/dGekoS,,
Yankees,Austin Romine,Led Zeppelin,Black Dog,https://goo.gl/dGekoS,,
Yankees,CC Sabathia,The Notorious B.I.G.,Big Poppa,https://goo.gl/dGekoS,,
Yankees,Gary Sanchez,Nicky Jam,X,https://goo.gl/dGekoS,,
Yankees,Luis Severino,Don Omar,Guaya Guaya,https://goo.gl/dGekoS,,
Yankees,Chasen Schreve,Fabolous,Breathe,https://goo.gl/dGekoS,,
Yankees,Giancarlo Stanton,The Game,Ali Bomaye,https://goo.gl/dGekoS,,
Yankees,Masahiro Tanaka,,,https://goo.gl/dGekoS,,
Yankees,Ronald Torreyes,J Balvin,Bonita,https://goo.gl/dGekoS,,
Yankees,Tyler Wade,Future,No Cap,https://goo.gl/dGekoS,,
Yankees,Neil Walker,Led Zeppelin,The Ocean,https://goo.gl/dGekoS,,
Athletics,Franklin Barreto,Arcangel & Bad Bunny,Tu No Vive Asi,https://goo.gl/BZ5p2W,,
Athletics,Chris Bassitt,Eric Church,The Outsiders,https://goo.gl/BZ5p2W,,
Athletics,Ryan Buchter,Johnny Cash,God's Gonna Cut You Down,https://goo.gl/BZ5p2W,,
Athletics,Mark Canha,G-Eazy,Calm Down,https://goo.gl/BZ5p2W,,
Athletics,Matt Chapman,Kodak Black,Coedeine Dreaming,https://goo.gl/BZ5p2W,,
Athletics,Jharel Cotton,Chris Brown,Pills & Automobiles,https://goo.gl/BZ5p2W,,
Athletics,Daniel Coloumbe,NF,Warm Up,https://goo.gl/BZ5p2W,,
Athletics,Khris Davis,2Pac,Ballad of a Dead Soulja,https://goo.gl/BZ5p2W,,
Athletics,Ryan Dull,Linkin Park,No More Sorrow,https://goo.gl/BZ5p2W,,
Athletics,Mike Fiers,Charlie Clouser,Hello Zepp + Overture,https://goo.gl/BZ5p2W,,
Athletics,Dustin Fowler,Jetta,I'd Love to Change the World,https://goo.gl/BZ5p2W,,
Athletics,Cody Gearrin,Gary Clark Jr.,Come Together,https://goo.gl/BZ5p2W,,
Athletics,Kendall Graveman,Lynyrd Skynyrd,Sweet Home Alabama,https://goo.gl/BZ5p2W,,
Athletics,Daniel Gossett,Drake,Uptown,https://goo.gl/BZ5p2W,,
Athletics,Chris Hatcher,,,https://goo.gl/BZ5p2W,,
Athletics,Liam Hendriks,AC/DC,Back in Black,https://goo.gl/BZ5p2W,,
Athletics,Matt Joyce,Drake,Look Alive,https://goo.gl/BZ5p2W,,
Athletics,Jed Lowrie,Rush,Tom Sawyer,https://goo.gl/BZ5p2W,,
Athletics,Jonathan Lucroy,Five Finger Death Punch,Gone Away,https://goo.gl/BZ5p2W,,
Athletics,Sean Manaea,Birdy,Keeping Your Head Up,https://goo.gl/BZ5p2W,,
Athletics,Bruce Maxwell,Rae Sremmurd,Powerglide,https://goo.gl/BZ5p2W,,
Athletics,Daniel Mengden,Colter Wall,Sleeping On the Blacktop,https://goo.gl/BZ5p2W,,
Athletics,Frankie Montas,Tribal Seeds,Vampire,https://goo.gl/BZ5p2W,,
Athletics,Matt Olson,Travis Scott & Quavo,Saint,https://goo.gl/BZ5p2W,,
Athletics,Emilio Pagan,Skillet,Hero,https://goo.gl/BZ5p2W,,
Athletics,Josh Phegley,Trivium,Until The World Goes Cold,https://goo.gl/BZ5p2W,,
Athletics,Chad Pinder,Warren G,Regulate,https://goo.gl/BZ5p2W,,
Athletics,Stephen Piscotty,Justin Timberlake,Say Something,https://goo.gl/BZ5p2W,,
Athletics,Boog Powell,Skip Marley,Calm Down,https://goo.gl/BZ5p2W,,
Athletics,Marcus Semien,Swoope,All The Time,https://goo.gl/BZ5p2W,,
Athletics,Jake Smolinski,The Rolling Stones,Gimme Shelter,https://goo.gl/BZ5p2W,,
Athletics,Blake Treinen,Eric Church,The Outsiders,https://goo.gl/BZ5p2W,,
Athletics,Andrew Triggs,Led Zeppelin,Rock And Roll,https://goo.gl/BZ5p2W,,
Mariners,Robinson Cano,Drake,Yes Indeed,https://goo.gl/tZHpCy,,
Mariners,Nelson Cruz,Kanye West,Amazing,https://goo.gl/tZHpCy,,
Mariners,Edwin Diaz,Blasterjaxx,Narco,https://goo.gl/tZHpCy,,
Mariners,David Freitas,Montgomery Gentry,Gone ,https://goo.gl/tZHpCy,,
Mariners,Dee Gordon,Lil Uzi Vert,Neon Guts,https://goo.gl/tZHpCy,,
Mariners,Mitch Haniger,Fabolous,Breathe,https://goo.gl/tZHpCy,,
Mariners,Ryan Healy,Cardi B,I Like It,https://goo.gl/tZHpCy,,
Mariners,Felix Hernandez,James Meyers,I Am The King,https://goo.gl/tZHpCy,,
Mariners,Cameron Maybin,2 Chainz,Proud,https://goo.gl/tZHpCy,,
Mariners,Mike Morin,Eminem,Til I Collapse,https://goo.gl/tZHpCy,,
Mariners,Omar Narvaez,Jowell & Randy,Un Poquito Na Mas,https://goo.gl/tZHpCy,,
Mariners,Andrew Romine,Kaleo,No Good,https://goo.gl/tZHpCy,,
Mariners,Kyle Seager,Jason Aldean,They Don't Know,https://goo.gl/tZHpCy,,
Mariners,Jean Segura,El Alfa,Suave,https://goo.gl/tZHpCy,,
Mariners,Mallex Smith,Damian Marley,Welcome To Jamrock,https://goo.gl/tZHpCy,,
Mariners,Denard Span,Chris Brown,Pills & Automobiles,https://goo.gl/tZHpCy,,
Mariners,Sam Tuivaiala,Don Miguelo,Nota De Pasión,https://goo.gl/tZHpCy,,
Mariners,Adam Warren,Def Leppard,Pour Some Sugar On Me,https://goo.gl/tZHpCy,,
Rays,Willy Adames,Bad Bunny,Original,https://goo.gl/nWZfyF,,
Rays,Jose Alvarado,Willy Chirino,Medias Negras,https://goo.gl/nWZfyF,,
Rays,Christian Arroyo,J.Cole,K.O.D,https://goo.gl/nWZfyF,,
Rays,Jake Bauers,Travis Scott,Sicko Mode,https://goo.gl/nWZfyF,,
Rays,Jalen Beeks,Building 429,Where I Belong,https://goo.gl/nWZfyF,,
Rays,Diego Castillo,Michelle Williams,Say Yes,https://goo.gl/nWZfyF,,
Rays,Yonny Chirinos,Tercer Cielo,Creere,https://goo.gl/nWZfyF,,
Rays,Jason Coats,,,https://goo.gl/nWZfyF,,
Rays,C.J Cron,Florida Georgia Line,Talk You Out Of It,https://goo.gl/nWZfyF,,
Rays,Matt Duffy,Led Zeppelin,When The Levee Breaks,https://goo.gl/nWZfyF,,
Rays,Jake Faria,Mac Miller,Smile Back,https://goo.gl/nWZfyF,,
Rays,Wilmer Font,Mi Fantatica Mayor,Ruben Sierra,https://goo.gl/nWZfyF,,
Rays,Tyler Glasnow,Ramirez,Bed Time Stories,https://goo.gl/nWZfyF,,
Rays,Carlos Gomez,Tyga,Taste,https://goo.gl/nWZfyF,,
Rays,Guillermo Heredia,Desiguales,La Contestadora,https://goo.gl/nWZfyF,,
Rays,Micah Johnson,KB,Not Today Satan,https://goo.gl/nWZfyF,,
Rays,Kevin Kiermaier,Rick Ross,Hustlin',https://goo.gl/nWZfyF,,
Rays,Andrew Kittredge,Rush,Tom Sawyer,https://goo.gl/nWZfyF,,
Rays,Adam Kolarek,Nirvana,Breed,https://goo.gl/nWZfyF,,
Rays,Brandon Lowe,Drake,Nice For What,https://goo.gl/nWZfyF,,
Rays,Adam Moore,Brantley Gilbert,Kick It In The Sticks,https://goo.gl/nWZfyF,,
Rays,Michael Perez,Brytiago,Asesina,https://goo.gl/nWZfyF,,
Rays,Tommy Pham,Jeezy,All There,https://goo.gl/nWZfyF,,
Rays,Austin Pruitt,311,Beautiful Disaster,https://goo.gl/nWZfyF,,
Rays,Rob Refsyner,N.E.R.D,Lemon,https://goo.gl/nWZfyF,,
Rays,Daniel Robertson,Cardi B,I Like It,https://goo.gl/nWZfyF,,
Rays,Chaz Roe,Avenged Sevenfold,Hail To The King,https://goo.gl/nWZfyF,,
Rays,Sergio Romo,Banda Sinaloenese,El Menchón,https://goo.gl/nWZfyF,,
Rays,Jaime Schultz,Sir Sly,&Run,https://goo.gl/nWZfyF,,
Rays,Blake Snell,Drake,Mob Ties,https://goo.gl/nWZfyF,,
Rays,Brandon Snyder,Imagine Dragons,Thunder,https://goo.gl/nWZfyF,,
Rays,Ryne Stanek,Dr. Dre,Still D.R.E,https://goo.gl/nWZfyF,,
Rays,Jesus Sucre,Blocboy JB,Look Alive,https://goo.gl/nWZfyF,,
Rays,Joey Wendle,Led Zeppelin,Whole Lotta Love,https://goo.gl/nWZfyF,,
Rays,Hunter Wood,The Bone Collector,Duck Blind,https://goo.gl/nWZfyF,,
Rays,Ryan Yarbrough,Saliva,Ladies and Gentlemen,https://goo.gl/nWZfyF,,
Rays,Mike Zunino,Chris Stapleton,Parachute,https://goo.gl/nWZfyF,,
Rangers,Elvis Andrus,Enrique Iglesias,El Baño,https://goo.gl/1JMCWd,,
Rangers,Tony Barnette,,,https://goo.gl/1JMCWd,,
Rangers,Adrian Beltre,Wilo D New,Menea Tu Chapa,https://goo.gl/1JMCWd,,
Rangers,Matt Bush,Lil Wayne,Fireman,https://goo.gl/1JMCWd,,
Rangers,Eddie Butler,Jon Pardi,Dirt On My Boots,https://goo.gl/1JMCWd,,
Rangers,Robinson Chirinos,Planetshakers,Nothing Is Impossible,https://goo.gl/1JMCWd,,
Rangers,Shin-Soo Choo,,,https://goo.gl/1JMCWd,,
Rangers,Alex Claudio,Bad Bunny,Dema Ga GE Gi Go Gu,https://goo.gl/1JMCWd,,
Rangers,Delino Deshields,Maze,Before I Let GO,https://goo.gl/1JMCWd,,
Rangers,Doug Fister,Luke Bryan,Country Girl,https://goo.gl/1JMCWd,,
Rangers,Joey Gallo,Ozuna,Solita,https://goo.gl/1JMCWd,,
Rangers,Jose Leclerc,Marcos Yaroide,Todo Se Lo Debo A El,https://goo.gl/1JMCWd,,
Rangers,Chris Martin,Eric Church,Give Me Back My Hometown,https://goo.gl/1JMCWd,,
Rangers,Nomar Mazara,Secreto El Famoso Bibieron,Mi Cumleaño,https://goo.gl/1JMCWd,,
Rangers,Mike Minor,Metallica,King Nothing,https://goo.gl/1JMCWd,,
Rangers,Rougned Odor,Rich the Kid,Plug Walk,https://goo.gl/1JMCWd,,
Rangers,Martin Perez,,,https://goo.gl/1JMCWd,,
Rangers,Jurickson Profar,Bad Bunny,Chambea,https://goo.gl/1JMCWd,,
Rangers,Drew Robinson,French Montana,Black Out,https://goo.gl/1JMCWd,,
Rangers,Ryan Rua,Yelawolf,Let's Roll,https://goo.gl/1JMCWd,,
Rangers,Drew Smyly,Diddy,Bad Boy For Life,https://goo.gl/1JMCWd,,
Rangers,Carlos Tocci,Piso 21,Dejala Que Vuelva,https://goo.gl/1JMCWd,,
Blue Jays,Danny Barnes,Foo Fighters,Everlong,https://goo.gl/otVsug,,
Blue Jays,Joe Biagini,Supertramp,Goodbye Stranger,https://goo.gl/otVsug,,
Blue Jays,Tyler Clippard,Fugees,Ready Or Not,https://goo.gl/otVsug,,
Blue Jays,Aledmys Diaz,Celia Cruz,Rie Y Llora,https://goo.gl/otVsug,,
Blue Jays,Marco Estrada,Drowning Pool,Bodies,https://goo.gl/otVsug,,
Blue Jays,Sam Gaviglio,Modest Mouse,Lampshades On Fire,https://goo.gl/otVsug,,
Blue Jays,Randal Grichuk,Nelly,Here Comes the Boom,https://goo.gl/otVsug,,
Blue Jays,Teoscar Hernandez,Don Omar,Zumba,https://goo.gl/otVsug,,
Blue Jays,Luke Maile,Led Zeppelin,Kashmir,https://goo.gl/otVsug,,
Blue Jays,Russell Martin,Mase,Feel So Good,https://goo.gl/otVsug,,
Blue Jays,Tim Mayza,Avenged Sevenfold,Hail To The King,https://goo.gl/otVsug,,
Blue Jays,Kendrys Morales,AC/DC,T.N.T,https://goo.gl/otVsug,,
Blue Jays,Jake Petricka,Foo Fighters,The Pretender,https://goo.gl/otVsug,,
Blue Jays,Kevin Pillar,Billy Currington,Don’t It,https://goo.gl/otVsug,,
Blue Jays,Dalton Pompey,C-Murder,Down For My N's,https://goo.gl/otVsug,,
Blue Jays,Aaron Sanchez,Nipsey Hussle,Hussle & Motivate,https://goo.gl/otVsug,,
Blue Jays,Justin Smoak,Brantley Gilbert,The Weekend,https://goo.gl/otVsug,,
Blue Jays,Yangervis Solarte,Charly Black,Gyal You A Party Animal,https://goo.gl/otVsug,,
Blue Jays,Marcus Stroman,J.Cole,ATM,https://goo.gl/otVsug,,
Blue Jays,Ryan Tepera,Metallica,For Whom The Bell Tolls,https://goo.gl/otVsug,,
Blue Jays,Devon Travis,Post Malone,Ball For Me,https://goo.gl/otVsug,,
